Feature	Mean	SD	Increase	WTSignificant
s_Agathobacter_faecis	28.3215871900992	6.88748170369322	condition.control	*
s_Agathobaculum_butyriciproducens	17.9514382144933	4.11010646207548	condition.control	*
s_Alistipes_A_indistinctus	6.95485699107061	2.32311015735373	condition.cirrhosis	*
s_Alistipes_A_pullistercoris	7.35536061872245	2.67215832443395	condition.cirrhosis	*
s_Alistipes_communis	16.538422902134	5.06334755694778	condition.control	*
s_Alistipes_putredinis	16.492700549839	NA	condition.control	*
s_Anaerobutyricum_hallii	30.821256105611	7.01491549017492	condition.control	*
s_Anaeroglobus_micronuciformis	27.7267063438728	5.08444846835344	condition.cirrhosis	*
s_Anaerostipes_hadrus	21.1489249670449	2.28628336330619	condition.control	*
s_Anaerotignum_faecicola	21.6381037436696	4.16467024502183	condition.control	*
s_Avimicrobium_caecorum	0	NA	condition.cirrhosis	*
s_Bacteroides_cellulosilyticus	11.7718735267999	NA	condition.control	*
s_Bacteroides_clarus	8.08016710128502	3.13314336000697	condition.cirrhosis	*
s_Bacteroides_eggerthii	4.7194449185541	2.44429713680307	condition.cirrhosis	*
s_Bacteroides_ovatus	27.0509224648469	6.70389446453403	condition.control	*
s_Bacteroides_thetaiotaomicron	27.097428172176	3.23285748099123	condition.cirrhosis	
s_Bacteroides_uniformis	30.9577735447746	6.87182878754181	condition.control	*
s_Bacteroides_xylanisolvens	32.2935673262695	5.33612760103081	condition.control	*
s_Bariatricus_comes	31.7164751706786	9.47815199674011	condition.control	*
s_Barnesiella_intestinihominis	10.3738860785204	NA	condition.control	*
s_Bifidobacterium_dentium	31.5919842522692	6.67450877890906	condition.cirrhosis	*
s_Bilophila_wadsworthia	16.9628202696365	3.99089529159766	condition.control	*
s_Blautia_A_faecis	18.7836465845399	6.63609472334334	condition.cirrhosis	
s_Blautia_A_sp000436615	13.1212887669415	3.02851711847596	condition.control	*
s_Blautia_A_sp900066355	7.31604649678077	3.87025627818067	condition.cirrhosis	
s_Blautia_A_wexlerae	21.0314766061861	3.59096123708805	condition.control	*
s_Butyribacter_intestini	8.76906405357234	5.17803626138847	condition.cirrhosis	*
s_Butyricimonas_paravirosa	4.61746710357379	3.6669122702029	condition.cirrhosis	*
s_CAG.245_sp000435175	3.44404308807064	2.70423879041681	condition.cirrhosis	*
s_CAG.41_sp900066215	18.187042312839	3.90708626113188	condition.control	*
s_CAG.95_sp000438155	3.46293914651738	2.83940802702834	condition.cirrhosis	*
s_Choladocola_sp003481535	15.0930985572411	2.22946355995962	condition.control	*
s_Clostridium_AQ_innocuum	26.4158012631536	7.77184601414816	condition.cirrhosis	*
s_Clostridium_P_perfringens	4.87091646885664	2.97541434494119	condition.cirrhosis	*
s_Clostridium_Q_fessum	32.6851453100318	6.22962118827738	condition.control	*
s_Clostridium_Q_symbiosum	22.0605970919111	4.67338708007899	condition.cirrhosis	*
s_Copromonas_sp900066535	28.2000282958904	5.30934346236642	condition.control	*
s_Dorea_formicigenerans	18.6994655394141	4.08074223611339	condition.control	
s_Dysosmobacter_sp001916835	17.5802014878931	4.48958726609021	condition.control	*
s_Dysosmobacter_sp900542115	12.6788379900581	4.92726520554219	condition.control	*
s_Enterocloster_aldenensis	13.7520244775025	2.53217923410705	condition.cirrhosis	*
s_Enterocloster_bolteae	16.5197361376812	3.07605457613518	condition.cirrhosis	*
s_Enterocloster_sp000431375	29.0333483588329	6.12200624470944	condition.control	*
s_Enterocloster_sp900541315	13.1919154702571	2.29215832706113	condition.control	*
s_ER4_sp000765235	21.563558322715	4.32063843533295	condition.control	*
s_Erysipelatoclostridium_ramosum	14.6210631896358	5.18278693858261	condition.cirrhosis	*
s_Eubacterium_F_sp003491505	6.02469805208116	5.33781750639143	condition.cirrhosis	*
s_Eubacterium_G_sp000434315	4.68378312176131	3.05291479973267	condition.cirrhosis	*
s_Eubacterium_G_sp000435815	10.1269979935232	2.4386461741366	condition.cirrhosis	*
s_Eubacterium_G_ventriosum	20.9293482346049	5.90358310445678	condition.control	*
s_Faecalibacillus_intestinalis	21.0205745055974	3.26324618461324	condition.control	*
s_Faecalibacterium_prausnitzii_D	26.102375140859	4.72333215766144	condition.control	*
s_Faecalibacterium_sp900539945	27.4349616463356	7.12180018703825	condition.control	*
s_Fusicatenibacter_saccharivorans	30.2200285253725	4.0693666349305	condition.control	*
s_Gemmiger_qucibialis	18.5699077754408	3.86055884597567	condition.control	*
s_Haemophilus_D_parainfluenzae	15.9448437978101	4.06592531411673	condition.cirrhosis	*
s_HGM11808_sp900757025	7.47324391379055	1.63186650282753	condition.cirrhosis	*
s_Hungatella_effluvii	8.84613936855146	3.82207844691259	condition.cirrhosis	*
s_KLE1615_sp900066985	22.202098639133	5.76493777838197	condition.control	*
s_Klebsiella_pneumoniae	10.0703236909652	2.88276917726574	condition.cirrhosis	*
s_Lachnoclostridium_B_sp900066555	1.34074566526485	1.52293721410216	condition.cirrhosis	*
s_Lachnospira_eligens_A	25.4656361215036	5.72234989935487	condition.control	*
s_Lachnospira_sp000437735	24.9549587089528	6.72397399701305	condition.control	*
s_Lachnospira_sp900316325	34.6726170879579	8.72885064979489	condition.control	*
s_Lawsonibacter_sp900066645	4.04862350999492	2.81943020568752	condition.cirrhosis	*
s_Lawsonibacter_sp900549405	3.70163059612153	NA	condition.cirrhosis	*
s_Ligilactobacillus_salivarius	31.44528731077	7.7412616842852	condition.cirrhosis	*
s_Mediterraneibacter_faecis	20.5337839797067	3.79235081782343	condition.control	*
s_Mesosutterella_multiformis	11.265844052556	3.97844705050895	condition.cirrhosis	*
s_Metalachnospira_sp900553995	7.94553982916256	1.81771102623074	condition.cirrhosis	*
s_Odoribacter_splanchnicus	21.3729066533503	6.04115934185061	condition.control	*
s_Oliverpabstia_intestinalis	5.14044018916449	4.44746342484705	condition.cirrhosis	*
s_Parabacteroides_distasonis	14.6154433087505	1.70558478097053	condition.control	
s_Parabacteroides_goldsteinii	13.6932741337915	2.71715964373582	condition.cirrhosis	*
s_Phascolarctobacterium_faecium	33.8722699392422	6.79997660290969	condition.control	*
s_Phocaeicola_dorei	19.4778703710538	4.38652351288485	condition.control	*
s_Phocaeicola_massiliensis	18.3249801828381	4.86631947851598	condition.control	*
s_Romboutsia_timonensis	29.4772256178805	7.39417718014771	condition.control	*
s_Roseburia_intestinalis	12.0362092774632	3.20095884625726	condition.control	*
s_Roseburia_inulinivorans	21.890747465388	0.9679346744968	condition.control	*
s_Ruminococcus_B_gnavus	21.2829966913462	5.02040241053209	condition.cirrhosis	*
s_Streptococcus_anginosus	44.4656481213914	7.2135931665559	condition.cirrhosis	*
s_Streptococcus_gordonii	15.8313872944827	4.39580514498408	condition.cirrhosis	*
s_Streptococcus_mitis	7.17818901285357	2.45477231965943	condition.cirrhosis	*
s_Streptococcus_oralis_S	16.3629527893005	3.17378074770692	condition.cirrhosis	*
s_Streptococcus_salivarius	45.4730068560475	7.91342742699792	condition.cirrhosis	*
s_Streptococcus_sp001813295	61.5411032120919	10.8225010739414	condition.cirrhosis	*
s_Streptococcus_vestibularis	30.3533358821034	6.52978619611812	condition.cirrhosis	*
s_UBA11524_sp000437595	9.66255355465331	4.41336118908892	condition.cirrhosis	*
s_Veillonella_atypica	64.7322060781039	7.48312103700782	condition.cirrhosis	*
s_Veillonella_nakazawae	81.1599907156719	9.99127969377539	condition.cirrhosis	*
s_Veillonella_parvula_A	98.9082994795946	3.45226016727214	condition.cirrhosis	*
s_Veillonella_rogosae	4.63008623368917	2.65162794684273	condition.cirrhosis	*
uc_g_Dysosmobacter	0.981004900253806	1.10783745103076	condition.cirrhosis	*
