Feature	Dominant	p.value	q.value
s_Agathobacter_faecis	condition.control	3.17874254870964e-08	9.96005998595687e-08
s_Agathobaculum_butyriciproducens	condition.control	0.0555262921327091	0.0614055465938195
s_Alistipes_A_indistinctus	condition.cirrhosis	8.75830027658225e-08	1.91460517674124e-07
s_Alistipes_A_pullistercoris	condition.cirrhosis	1.59056393782339e-07	3.2502828294652e-07
s_Alistipes_communis	condition.control	5.56342103807454e-11	3.53957137209301e-10
s_Alistipes_putredinis	condition.control	3.60553718195544e-08	1.05685012737007e-07
s_Anaerobutyricum_hallii	condition.control	1.13366291018862e-08	3.94682642806407e-08
s_Anaeroglobus_micronuciformis	condition.cirrhosis	1.6550377132719e-16	2.59289241745931e-15
s_Anaerostipes_hadrus	condition.control	0.00646865998700783	0.00732595227444261
s_Anaerotignum_faecicola	condition.control	6.16265209616094e-08	1.41290072448568e-07
s_Avimicrobium_caecorum	condition.cirrhosis	0.0148604146257021	0.0166295116049523
s_Bacteroides_cellulosilyticus	condition.control	3.77796408321067e-06	5.82178071839021e-06
s_Bacteroides_clarus	condition.cirrhosis	8.34183557275735e-06	1.18807961187756e-05
s_Bacteroides_eggerthii	condition.cirrhosis	4.74050058364669e-05	5.94142739817052e-05
s_Bacteroides_ovatus	condition.control	0.0719788076641504	0.0768864536412515
s_Bacteroides_thetaiotaomicron	condition.cirrhosis	0.86266456199906	0.86266456199906
s_Bacteroides_uniformis	condition.control	3.30347642223268e-08	1.00169930222539e-07
s_Bacteroides_xylanisolvens	condition.control	4.4359904804034e-05	5.63490682645837e-05
s_Bariatricus_comes	condition.control	5.32864595582168e-08	1.35376410769524e-07
s_Barnesiella_intestinihominis	condition.control	2.88138133859088e-06	4.66982492806109e-06
s_Bifidobacterium_dentium	condition.cirrhosis	2.69882019634933e-15	3.17111373071046e-14
s_Bilophila_wadsworthia	condition.control	2.65746619672474e-07	4.99603644984251e-07
s_Blautia_A_faecis	condition.cirrhosis	0.77903547191568	0.78741219742015
s_Blautia_A_sp000436615	condition.control	1.83883658456897e-05	2.46929484213547e-05
s_Blautia_A_sp900066355	condition.cirrhosis	0.295428193832714	0.301850545872555
s_Blautia_A_wexlerae	condition.control	0.0656117171322385	0.070890820809545
s_Butyribacter_intestini	condition.cirrhosis	5.27971106302514e-08	1.35376410769524e-07
s_Butyricimonas_paravirosa	condition.cirrhosis	8.87392021147787e-07	1.54471944422022e-06
s_CAG.245_sp000435175	condition.cirrhosis	8.72718226892381e-08	1.91460517674124e-07
s_CAG.41_sp900066215	condition.control	4.88899672204239e-05	6.04691699831558e-05
s_CAG.95_sp000438155	condition.cirrhosis	3.71021853225663e-08	1.05685012737007e-07
s_Choladocola_sp003481535	condition.control	1.71476938732019e-08	5.75672580028921e-08
s_Clostridium_AQ_innocuum	condition.cirrhosis	3.24404343399572e-12	2.34569294458152e-11
s_Clostridium_P_perfringens	condition.cirrhosis	4.22179074483198e-07	7.78133980420012e-07
s_Clostridium_Q_fessum	condition.control	2.325252059364e-10	1.21429829766787e-09
s_Clostridium_Q_symbiosum	condition.cirrhosis	5.28263302446166e-08	1.35376410769524e-07
s_Copromonas_sp900066535	condition.control	1.27254011739657e-06	2.13604948277282e-06
s_Dorea_formicigenerans	condition.control	0.174602186351629	0.180358302385199
s_Dysosmobacter_sp001916835	condition.control	9.15950569860454e-09	3.44397414267531e-08
s_Dysosmobacter_sp900542115	condition.control	2.03787124952774e-06	3.36069995536153e-06
s_Enterocloster_aldenensis	condition.cirrhosis	1.13283977686946e-07	2.36637642279399e-07
s_Enterocloster_bolteae	condition.cirrhosis	5.96893830285776e-06	8.76687813232234e-06
s_Enterocloster_sp000431375	condition.control	1.13700843331455e-05	1.57174695193482e-05
s_Enterocloster_sp900541315	condition.control	6.69461267585583e-05	8.17264404584998e-05
s_ER4_sp000765235	condition.control	7.21657030500865e-11	4.23973505419258e-10
s_Erysipelatoclostridium_ramosum	condition.cirrhosis	1.34832917375603e-10	7.45546719606274e-10
s_Eubacterium_F_sp003491505	condition.cirrhosis	6.010505162893e-08	1.41246871327985e-07
s_Eubacterium_G_sp000434315	condition.cirrhosis	5.71777218574439e-06	8.53127913428528e-06
s_Eubacterium_G_sp000435815	condition.cirrhosis	9.46326293025486e-07	1.61735766444356e-06
s_Eubacterium_G_ventriosum	condition.control	6.97617165075885e-10	3.27880067585666e-09
s_Faecalibacillus_intestinalis	condition.control	1.16067826443245e-05	1.58121386748768e-05
s_Faecalibacterium_prausnitzii_D	condition.control	5.46817034192111e-09	2.14170005058577e-08
s_Faecalibacterium_sp900539945	condition.control	2.53156148693177e-09	1.03463817291994e-08
s_Fusicatenibacter_saccharivorans	condition.control	1.89242146461706e-05	2.5054594038592e-05
s_Gemmiger_qucibialis	condition.control	9.29272798073299e-08	1.98526461406568e-07
s_Haemophilus_D_parainfluenzae	condition.cirrhosis	2.78286193191646e-05	3.6331808555576e-05
s_HGM11808_sp900757025	condition.cirrhosis	2.03521361486331e-07	3.90428734279901e-07
s_Hungatella_effluvii	condition.cirrhosis	4.49523369211064e-07	8.1259993665077e-07
s_KLE1615_sp900066985	condition.control	3.53503827070684e-06	5.53822662410738e-06
s_Klebsiella_pneumoniae	condition.cirrhosis	0.000995561915433893	0.00114125390305837
s_Lachnoclostridium_B_sp900066555	condition.cirrhosis	0.0887379903836316	0.0937232707422626
s_Lachnospira_eligens_A	condition.control	1.70244838576081e-07	3.40489677152163e-07
s_Lachnospira_sp000437735	condition.control	1.05962108498415e-08	3.83093776878884e-08
s_Lachnospira_sp900316325	condition.control	2.76180743670142e-14	2.88455443388815e-13
s_Lawsonibacter_sp900066645	condition.cirrhosis	0.000732203533834234	0.000860339152255225
s_Lawsonibacter_sp900549405	condition.cirrhosis	1.11949428725323e-05	1.57063377614632e-05
s_Ligilactobacillus_salivarius	condition.cirrhosis	5.52342452525644e-13	4.81322549908124e-12
s_Mediterraneibacter_faecis	condition.control	0.0645580758305296	0.0705634782333696
s_Mesosutterella_multiformis	condition.cirrhosis	1.93814996465783e-07	3.79554368078825e-07
s_Metalachnospira_sp900553995	condition.cirrhosis	5.97614064570448e-08	1.41246871327985e-07
s_Odoribacter_splanchnicus	condition.control	5.73813586958605e-08	1.41246871327985e-07
s_Oliverpabstia_intestinalis	condition.cirrhosis	6.78571557188221e-06	9.81318867318351e-06
s_Parabacteroides_distasonis	condition.control	0.127022365238099	0.132667803693126
s_Parabacteroides_goldsteinii	condition.cirrhosis	3.28413032109705e-06	5.23234322344276e-06
s_Phascolarctobacterium_faecium	condition.control	2.34506541501947e-09	1.00198249550832e-08
s_Phocaeicola_dorei	condition.control	0.00090647704725131	0.00105196101779782
s_Phocaeicola_massiliensis	condition.control	7.56051385156204e-07	1.34092132461666e-06
s_Romboutsia_timonensis	condition.control	2.49957497680976e-08	8.10207061448682e-08
s_Roseburia_intestinalis	condition.control	3.56963787830921e-05	4.59652000768584e-05
s_Roseburia_inulinivorans	condition.control	0.000220554652569719	0.000262432118247514
s_Ruminococcus_B_gnavus	condition.cirrhosis	5.14629520286626e-10	2.54606183720752e-09
s_Streptococcus_anginosus	condition.cirrhosis	1.53440400313063e-18	2.88467952588559e-17
s_Streptococcus_gordonii	condition.cirrhosis	1.75986215946571e-12	1.37855869158148e-11
s_Streptococcus_mitis	condition.cirrhosis	5.64825218951013e-11	3.53957137209301e-10
s_Streptococcus_oralis_S	condition.cirrhosis	5.63249792445677e-13	4.81322549908124e-12
s_Streptococcus_salivarius	condition.cirrhosis	7.90682550235259e-10	3.53924570105306e-09
s_Streptococcus_sp001813295	condition.cirrhosis	1.71816610589727e-21	4.0376903488586e-20
s_Streptococcus_vestibularis	condition.cirrhosis	1.99482077916886e-15	2.67875933202675e-14
s_UBA11524_sp000437595	condition.cirrhosis	3.91641642353977e-08	1.08277395239041e-07
s_Veillonella_atypica	condition.cirrhosis	5.88626002883669e-23	1.84436147570216e-21
s_Veillonella_nakazawae	condition.cirrhosis	1.58730816476395e-24	7.46034837439057e-23
s_Veillonella_parvula_A	condition.cirrhosis	9.46221983150977e-29	8.89448664161918e-27
s_Veillonella_rogosae	condition.cirrhosis	3.89262604535728e-06	5.90172335909006e-06
uc_g_Dysosmobacter	condition.cirrhosis	0.000136950701367731	0.000165043152930343
